Kártya név	Típus	Birodalom	Klán	Faj	Kaszt	Magnitudó	Aura	ATK	HP	Képesség	Képesség_Canonical	Zóna_Felismerve	Kulcsszavak_Felismerve	Trigger_Felismerve	Célpont_Felismerve	Hatáscímkék	Időtartam_Felismerve	Feltétel_Felismerve	Gépi_Leírás	Értelmezési_Státusz	Engine_Megjegyzés
Városi Patkányraj	Entitás	Umbra	Árnyékszindikátus	Bestia	Alap	1	1	1	1	[DOMÍNIUM] Visszhang (Echo): Amikor elpusztul, az ellenfélnek el kell dobnia egy véletlenszerű lapot a kezéből az Ürességbe.	[DOMINIUM] echo: when this dies, opponent discards a random card from hand to graveyard	dominium, hand, graveyard	echo	on_death	enemy_hand	random_discard	instant	none	Amikor elpusztul, az ellenfél véletlenszerűen eldob 1 lapot a kezéből az Ürességbe.	elso_koros_gepi_ertelmezes	Egyszerű Echo-triggeres random discard.
Árnyba Burkolt Kém	Entitás	Umbra	Árnyékszindikátus	Ember	Tolvaj	1	1	1	2	[ZENIT] Ez az Entitás nem célozható meg ellenséges Rituálékkal és Igékkel. Minden alkalommal, amikor egy saját Jeled (Csapdád) aktiválódik, a Kém kap +1 ATK-t a kör végéig.	[ZENIT] cannot be targeted by enemy spells; whenever one of your traps triggers, this gains +1 ATK until end of turn	zenit	blank	on_trap_triggered	self	untargetable, atk_mod	until_turn_end	none	Zenitben nem célozható meg ellenséges varázslatokkal, és saját Jel aktiválódásakor +1 ATK-t kap a kör végéig.	osszetett_egyedi	Statikus védelem és trap-triggeres ideiglenes önbuff.
Tőrtáncos Orgyilkos	Entitás	Umbra	Árnyékszindikátus	Ember	Orgyilkos	2	2	2	2	[HORIZONT] Métely (Bane).	[HORIZONT] bane	horizont	bane	static	self	blank	static_while_on_board	none	A Horizonton Métely kulcsszóval rendelkező egyszerű támadó entitás.	passziv_vagy_egyszeru	Tiszta natív keywordös lap.
Éjszemű Varjú	Entitás	Umbra	Árnyékszindikátus	Bestia	Alap	2	3	1	4	[ZENIT] Harmonizálás (Harmonize). Ez az Entitás nem célozható meg ellenséges Rituálékkal és Igékkel.	[ZENIT] harmonize; cannot be targeted by enemy spells	zenit	harmonize	static	self	untargetable	static_while_on_board	none	Harmonizálást ad, és a Zenitben nem célozható meg ellenséges varázslatokkal.	osszetett_egyedi	Natív keyword mellé statikus célzásvédelem társul.
Az Árnyékok Szeme	Entitás	Umbra	Árnyékszindikátus	Szellem	Mágus	2	1	0	3	[ZENIT] Rezonancia 2. Amíg a Zenitben van, láthatod az ellenfél összes lefordított Jel (Csapda) kártyáját.	[ZENIT] resonance 2; while in Zenit you may see all enemy face-down traps	zenit	resonance	static	enemy_entities	ability_lock	static_while_on_board	none	Rezonancia 2-t ad, és a Zenitből láthatóvá teszi az ellenfél összes lefordított Jelét.	osszetett_egyedi	Rejtett információ felfedését adó statikus szabály.
Szindikátusi Zsaroló	Entitás	Umbra	Árnyékszindikátus	Ember	Tolvaj	2	2	2	2	[DOMÍNIUM] Riadó (Clarion): Az ellenfélnek választania kell: vagy elforgat (Kimerít) 1 Aktív Aurát az Ősforrásában, VAGY te húzhatsz 1 lapot.	[DOMINIUM] clarion: opponent chooses - exhaust 1 active source aura, or you draw 1	dominium, source, deck	clarion	on_summon	source_card, self	exhaust, draw, choice	instant	opponent_chooses_one_of_two_modes	Megidézéskor az ellenfél választ: vagy kimerít 1 Aktív Aurát a Forrásában, vagy te húzol 1 lapot.	osszetett_egyedi	Választásos Clarion forráskezeléssel vagy húzással.
Néma Bérgyilkos	Entitás	Umbra	Árnyékszindikátus	Ember	Orgyilkos	3	2	3	1	[ZENIT] Ez az Entitás nem célozható meg ellenséges Rituálékkal és Igékkel. [DOMÍNIUM] Ha ez az Entitás a Zenitből a Horizontra lép a támadás körében, az ellenfél nem célozhatja meg Igékkel a harc során.	[ZENIT] cannot be targeted by enemy spells; if this moves from Zenit to Horizont in the turn it attacks, enemy cannot target it with spells during combat	zenit, horizont	blank	on_move_zenit_to_horizont	self	untargetable	during_combat	if_this_moves_from_zenit_to_horizont_in_the_turn_it_attacks	Zenitben nem célozható meg, és ha a támadás körében előrelép a Horizontra, a harc során az ellenfél nem célozhatja meg Igékkel.	osszetett_egyedi	Két zónához kötött célzásvédelmi szabály.
Szindikátusi Csapdamester	Entitás	Umbra	Árnyékszindikátus	Ember	Mágus	3	2	2	3	[ZENIT] Rezonancia 2. Amíg itt tartózkodik, minden Jel (Csapda) kártyád lehelyezési költsége 1 Umbra Aurával csökken (minimum 0-ra).	[ZENIT] resonance 2; while in Zenit your trap cards cost 1 less to place	zenit	resonance	static	self	cost_mod	static_while_on_board	affects_own_trap_cards_minimum_cost_0	Rezonancia 2-t ad, és a Zenitből 1 Umbra Aurával csökkenti a saját Jelek lehelyezési költségét.	osszetett_egyedi	Trap-költségcsökkentő folyamatos aura Rezonanciával.
Árnyék-közvetítő	Entitás	Umbra	Árnyékszindikátus	Ember	Nemes	3	3	2	4	[ZENIT] Harmonizálás (Harmonize). Amíg itt van, az előtte álló Entitás támadásakor az ellenfél nem aktiválhat olyan Jelet, amelynek Magnitúdója 3 vagy kisebb.	[ZENIT] harmonize; while here, when the supported entity attacks, opponent cannot activate traps with magnitude 3 or less	zenit, horizont	harmonize	on_attack_declared	own_horizont_entity, enemy_entities	ability_lock	during_combat	applies_only_while_supported_front_entity_attacks_and_blocks_enemy_traps_with_magnitude_lte_3	Harmonizálást ad, és a támogatott entitás támadásakor az ellenfél nem aktiválhat 3-as vagy kisebb Magnitúdójú Jeleket.	osszetett_egyedi	Harmonize mellé triggerelt trap-tiltás társul.
Arctalan Végrehajtó	Entitás	Umbra	Árnyékszindikátus	Ember	Harcos	4	4	4	3	[DOMÍNIUM] Riadó (Clarion): Ha megidézésekor van legalább egy lefordított Jeled a Zenitben, megkapja a Gyorsaság (Celerity) kulcsszót.	[DOMINIUM] clarion: if you have at least one face-down trap in Zenit, this gains celerity	dominium, zenit	clarion	on_summon	self	grant_keyword	static_while_on_board	requires_at_least_one_face_down_own_trap_in_zenit_on_summon	Megidézéskor, ha van legalább egy lefordított Jeled a Zenitben, megkapja a Gyorsaság kulcsszót.	osszetett_egyedi	Feltételes Clarion keyword-adás rejtett trap ellenőrzéssel.
Szindikátusi Végrehajtó	Entitás	Umbra	Árnyékszindikátus	Ember	Harcos	4	4	4	4	[HORIZONT] Hasítás (Sundering). Ha ez az Entitás sebez egy ellenfelet, az ellenfél a következő körében 1-gyel több Aurát köteles fizetni minden kijátszott Entitása után.	[HORIZONT] sundering; when this deals damage to an enemy, opponent pays 1 more aura for each entity played next turn	horizont	sundering	on_attack_hits	enemy_entity	cost_mod	until_next_enemy_turn	none	Ha sebez egy ellenfelet, az ellenfél a következő körében minden kijátszott Entitás után 1-gyel több Aurát fizet.	osszetett_egyedi	Támadásutáni ideiglenes globális költségnövelés az ellenfél körére.
Alvilági Pénzmosó	Entitás	Umbra	Árnyékszindikátus	Ember	Tolvaj	4	2	2	5	[ZENIT] Valahányszor aktiválsz egy saját Jelet (Csapdát), kapsz 1 ideiglenes Umbra Aurát, amit csak ebben a körben használhatsz fel.	[ZENIT] whenever you trigger one of your traps, gain 1 temporary Umbra aura for this turn	zenit	blank	on_trap_triggered	self	resource_gain	until_turn_end	none	Valahányszor aktiválsz egy saját Jelet, kapsz 1 ideiglenes Umbra Aurát erre a körre.	elso_koros_gepi_ertelmezes	Egyszerű trap-triggeres ideiglenes erőforrásnyerés.
Suttogó Démon	Entitás	Umbra	Árnyékszindikátus	Démon	Alap	5	3	3	5	[ZENIT] Minden alkalommal, amikor felfedsz és aktiválsz egy Jelet, a Démon azonnal okoz 2 sebzést egy szabadon választott ellenséges Entitásnak a Horizonton.	[ZENIT] whenever you reveal and activate a trap, this deals 2 damage to target enemy Horizont entity	zenit, horizont	blank	on_trap_triggered	enemy_horizont_entity	damage	instant	none	Valahányszor felfedsz és aktiválsz egy saját Jelet, 2 sebzést okoz egy ellenséges Horizont-entitásnak.	elso_koros_gepi_ertelmezes	Egyszerű trap-triggeres célzott sebzés.
Szindikátus Keresztapa	Entitás	Umbra	Árnyékszindikátus	Ember	Nemes	6	5	5	6	[DOMÍNIUM] Ha ez az Entitás elpusztulna, ahelyett, hogy az Ürességbe kerülne, visszaveheted a kezedbe. Riadó (Clarion): Helyezz le 2 Jelet (Csapdát) közvetlenül a paklidból a Zenitbe lefordítva.	[DOMINIUM] if this would die, you may return it to hand instead; clarion: place 2 traps from your deck face down into Zenit	dominium, deck, hand, zenit	clarion	on_death, on_summon	self, own_deck	return_to_hand, summon, free_cast	instant	you_may_return_self_to_hand_instead_of_graveyard; place_2_traps_from_own_deck_face_down_into_zenit	Ha elpusztulna, visszaveheted a kezedbe az Üresség helyett, és Clarionkor 2 Jelet raksz le közvetlenül a paklidból lefordítva a Zenitbe.	osszetett_egyedi	Önmentő replacement effect és közvetlen trap-lerakás a pakliból.
Noctis az Árnyak Ura	Entitás	Umbra	Árnyékszindikátus	Démon	Hős	7	6	6	6	[HORIZONT] Métely (Bane). [ZENIT] Ez az Entitás nem célozható meg ellenséges Rituálékkal és Igékkel. [DOMÍNIUM] Riadó (Clarion): Keresd ki a paklidból vagy a temetőből a 2 kedvenc Jel kártyádat, és Aura-költség nélkül helyezd le őket a Zenitbe!	[HORIZONT] bane; [ZENIT] cannot be targeted by enemy spells; [DOMINIUM] clarion: search your deck or graveyard for 2 trap cards and place them in Zenit for free	horizont, zenit, deck, graveyard	bane, clarion	on_summon	own_deck, own_graveyard_entity	free_cast, tutor, summon, untargetable	instant	search_2_trap_cards_from_own_deck_or_graveyard_and_place_them_in_zenit_for_free	Horizonton Métellyel rendelkezik, Zenitben nem célozható, és Clarionkor 2 Jelet keres a paklidból vagy a temetőből, amelyeket ingyen lerak a Zenitbe.	osszetett_egyedi	Többrészes ikonikus lap: keyword, célzásvédelem és ingyenes kettős trap-setup.
Sikátori Zsebtolvaj	Entitás	Umbra	Árnyékszindikátus	Ember	Tolvaj	1	1	1	2	[DOMÍNIUM] Riadó (Clarion): Nézd meg az ellenfél kezét.	[DOMINIUM] clarion: look at opponent's hand	dominium	clarion	on_summon	enemy_hand	ability_lock	instant	none	Clarionkor megnézheted az ellenfél kezét.	elso_koros_gepi_ertelmezes	Egyszerű információs Clarion-hatás.
Alvilági Csempész	Entitás	Umbra	Árnyékszindikátus	Ember	Zsoldos	1	2	2	1	[HORIZONT] Ha az ellenfél kártyát dob el a kezéből, a Csempész kap +1 ATK-t az adott kör végéig.	[HORIZONT] whenever opponent discards a card from hand, this gains +1 ATK until end of turn	horizont	blank	on_enemy_multiple_draws	self	atk_mod	until_turn_end	trigger_when_opponent_discards_a_card_from_hand	Ha az ellenfél lapot dob el a kezéből, ez a lap +1 ATK-t kap a kör végéig.	osszetett_egyedi	Új discard-trigger primitive lehet később hasznosabb; átmenetileg egyedi kezelést kér.
Füstbe Burkolt Nindzsa	Entitás	Umbra	Árnyékszindikátus	Ember	Nindzsa	2	2	2	2	[HORIZONT] Légies (Ethereal). Gyorsaság (Celerity).	[HORIZONT] ethereal; celerity	horizont	ethereal, celerity	static	self	blank	static_while_on_board	none	A Horizonton Légies és Gyorsaság kulcsszóval rendelkező entitás.	passziv_vagy_egyszeru	Két natív keywordös lap.
Árnyék-Pók	Entitás	Umbra	Árnyékszindikátus	Bestia	Alap	2	2	1	3	[HORIZONT] Métely (Bane).	[HORIZONT] bane	horizont	bane	static	self	blank	static_while_on_board	none	A Horizonton Métely kulcsszóval rendelkező egyszerű entitás.	passziv_vagy_egyszeru	Tiszta natív keywordös lap.
Hamiskártyás	Entitás	Umbra	Árnyékszindikátus	Ember	Tolvaj	2	2	2	2	[DOMÍNIUM] Visszhang (Echo): Amikor elpusztul, húzz 1 lapot, majd dobj el 1 lapot a kezedből az Ürességbe.	[DOMINIUM] echo: when this dies, draw 1, then discard 1 card from hand to graveyard	dominium, hand, graveyard	echo	on_death	own_hand	draw, discard	instant	none	Amikor elpusztul, húzol 1 lapot, majd eldobasz 1 lapot a kezedből az Ürességbe.	elso_koros_gepi_ertelmezes	Egyszerű Echo-triggeres loot hatás.
Éjszakai Besúgó	Entitás	Umbra	Árnyékszindikátus	Ember	Tolvaj	3	3	2	4	[ZENIT] Harmonizálás (Harmonize). Minden alkalommal, amikor egy saját Jeled (Csapdád) aktiválódik, húzz 1 lapot.	[ZENIT] harmonize; whenever one of your traps triggers, draw 1	zenit	harmonize	on_trap_triggered	self	draw	instant	none	Harmonizálást ad, és saját Jel aktiválódásakor húzol 1 lapot.	osszetett_egyedi	Harmonize mellé trap-triggeres húzás társul.
Bérgyilkos Mester	Entitás	Umbra	Árnyékszindikátus	Ember	Orgyilkos	3	3	4	2	[ZENIT] Ez az Entitás nem célozható meg ellenséges Rituálékkal és Igékkel.	[ZENIT] cannot be targeted by enemy spells	zenit	blank	static	self	untargetable	static_while_on_board	none	A Zenitben nem célozható meg ellenséges Rituálékkal és Igékkel.	passziv_vagy_egyszeru	Egyszerű statikus célzásvédelem.
Szindikátusi Testőr	Entitás	Umbra	Árnyékszindikátus	Ember	Lovag	3	3	2	5	[HORIZONT] Oltalom (Aegis).	[HORIZONT] aegis	horizont	aegis	static	self	blank	static_while_on_board	none	A Horizonton Oltalom kulcsszóval rendelkező egyszerű védő entitás.	passziv_vagy_egyszeru	Tiszta natív keywordös lap.
Sötét Alkímista	Entitás	Umbra	Árnyékszindikátus	Ember	Mágus	4	4	3	4	[ZENIT] Rezonancia 1. A Manifesztáció fázisodban adhatsz egy saját Horizont Entitásnak Métely (Bane) kulcsszót az adott körre.	[ZENIT] resonance 1; during your manifestation phase target allied Horizont entity gains bane until end of turn	zenit, horizont	resonance	on_influx_phase	own_horizont_entity	grant_keyword	until_turn_end	none	Rezonancia 1-et ad, és a Manifesztáció fázisban egy saját Horizont-entitás Métely kulcsszót kaphat a kör végéig.	osszetett_egyedi	Rezonancia mellé fázis-alapú célzott keyword-adás tartozik.
Korrupt Városőr	Entitás	Umbra	Árnyékszindikátus	Ember	Harcos	4	4	4	4	[HORIZONT] Hasítás (Sundering). Bármikor, amikor az ellenfél egy 4-es vagy nagyobb Magnitúdójú lapot játszik ki, húzhatsz 1 kártyát.	[HORIZONT] sundering; whenever opponent plays a card with magnitude 4 or more, you may draw 1	horizont	sundering	on_enemy_spell_or_ritual_played	self	draw	instant	trigger_when_opponent_plays_a_card_with_magnitude_gte_4	Egyszerű Hasítás mellé társul egy húzás, ha az ellenfél 4-es vagy nagyobb Magnitúdójú lapot játszik ki.	osszetett_egyedi	Általános ellenfél-kijátszás trigger; később külön generic card-play trigger hasznos lehet.
Bársonyköpenyes Szélhámos	Entitás	Umbra	Árnyékszindikátus	Ember	Nemes	5	5	3	5	[DOMÍNIUM] Riadó (Clarion): Az ellenfél kénytelen a paklija legfelső 3 lapját egyenesen a saját Ürességébe dobni.	[DOMINIUM] clarion: opponent mills the top 3 cards of their deck	dominium, deck, graveyard	clarion	on_summon	own_deck	move_to_source	instant	target_is_top_3_cards_of_opponent_deck	Clarionkor az ellenfél a paklija legfelső 3 lapját a saját Ürességébe dobja.	osszetett_egyedi	Deck-mill Clarion ellenfél deckjére.
Fantom-Tolvaj	Entitás	Umbra	Árnyékszindikátus	Szellem	Tolvaj	5	5	5	4	[HORIZONT] Légies (Ethereal). Ha sikeres támadást visz be az ellenfél Aeternaljába vagy Pecsétjébe, lopj el 1 ideiglenes Aurát az ellenféltől!	[HORIZONT] ethereal; when this successfully damages enemy Aeternal or seal, steal 1 temporary aura from opponent	horizont, aeternal, seal_row	ethereal	on_attack_hits	enemy_aeternal, enemy_seal	resource_gain	instant	trigger_when_this_successfully_damages_enemy_aeternal_or_seal	Légies entitás, amely sikeres közvetlen támadás után 1 ideiglenes Aurát lop az ellenféltől.	osszetett_egyedi	Közvetlen támadás után erőforráslopás, ellenfél-erőforrás csökkentését is kezelni kell.
Árnyék-Gólem	Entitás	Umbra	Árnyékszindikátus	Gólem	Alap	6	6	5	6	[HORIZONT] Oltalom (Aegis). Valahányszor a Zenitben lévő lapjaid közül egy Jelet (Csapdát) felfedsz, a Gólem kap +2 ATK-t az adott kör végéig.	[HORIZONT] aegis; whenever you reveal a trap in Zenit, this gains +2 ATK until end of turn	horizont, zenit	aegis	on_trap_triggered	self	atk_mod	until_turn_end	trigger_when_you_reveal_a_trap_in_zenit	Oltalommal rendelkezik, és ha Jelet fedsz fel a Zenitben, +2 ATK-t kap a kör végéig.	osszetett_egyedi	Trap-reveal triggeres ideiglenes önbuff.
Az Éjszaka Királynője	Entitás	Umbra	Árnyékszindikátus	Vámpír	Nemes	7	6	6	6	[ZENIT] Rezonancia 2. Amíg itt áll, az ellenfél minden Entitásának megidézési költsége 1 Aurával megnő.	[ZENIT] resonance 2; while here all enemy entities cost 1 more to summon	zenit	resonance	static	enemy_entities	cost_mod	static_while_on_board	none	Rezonancia 2-t ad, és a Zenitből 1 Aurával növeli az ellenfél minden Entitásának idézési költségét.	osszetett_egyedi	Globális ellenfél-költségnövelő aura Rezonanciával.
Árnyék-Sárkány	Entitás	Umbra	Árnyékszindikátus	Sárkány	Alap	8	8	7	8	[HORIZONT] Hasítás (Sundering). Légies (Ethereal). Megidézésekor az összes saját lefordított Jeled (Csapdád) ingyenesen aktiválhatóvá válik a feltételek teljesülése nélkül is (az adott körben).	[HORIZONT] sundering; ethereal; on summon your face-down traps may be activated for free this turn without meeting conditions	horizont, zenit	sundering, ethereal	on_summon	own_entities	free_cast	until_turn_end	affects_all_face_down_own_traps_and_ignores_their_conditions_this_turn	Hasítással és Légies kulcsszóval rendelkezik, megidézésekor pedig az összes saját lefordított Jeled ingyen és feltétel nélkül aktiválható ebben a körben.	osszetett_egyedi	Tömeges trap-condition bypass és free activation egy körre.
Vakító Füst	Ige	Umbra	Árnyékszindikátus	-	-	2	1	-	-	Válassz egy ellenséges Entitást a Horizonton. Az ATK-ja 0-ra csökken a kör végéig. Reakció (Burst): Ingyen elsüthető Pecsétből.	target enemy Horizont entity's ATK becomes 0 until end of turn	horizont	burst	blank	enemy_horizont_entity	atk_mod	until_turn_end	none	Egy ellenséges Horizont-entitás ATK-ja 0-ra csökken a kör végéig.	elso_koros_gepi_ertelmezes	Egyszerű célzott ATK-nullázás Burst-tel.
Információszivárogtatás	Ige	Umbra	Árnyékszindikátus	-	-	2	1	-	-	Nézz bele az ellenfél kezébe, és válassz egy lapot. Az ellenfél azt a lapot visszahelyezi a paklija tetejére.	look at opponent's hand and choose a card; opponent puts that card on top of their deck	hand, deck	blank	blank	enemy_hand_card, own_deck	ability_lock, return_to_deck	instant	none	Belenézel az ellenfél kezébe, kiválasztasz egy lapot, és az az ellenfél paklijának tetejére kerül vissza.	osszetett_egyedi	Kézinformáció és célzott hand-to-deck manipuláció együtt.
Csendes Késelés	Ige	Umbra	Árnyékszindikátus	-	-	1	1	-	-	[Reakció (Burst)] Okoz 1 sebzést egy ellenséges Entitásnak. Ha a célpont már eleve sérült (kevesebb az aktuális HP-ja, mint a maximum), az Ige helyette 3 sebzést okoz.	deal 1 damage to target enemy entity; if that target is already damaged, deal 3 damage instead	blank	burst	blank	enemy_entity	damage	instant	if_target_enemy_entity_is_already_damaged	1 sebzést okoz egy ellenséges entitásnak, vagy 3-at, ha a célpont már sérült.	osszetett_egyedi	Feltételesen erősödő Burst sebző Ige.
Kódolt Üzenet	Ige	Umbra	Árnyékszindikátus	-	-	2	1	-	-	Húzz 2 lapot a paklidból, majd tegyél vissza 1 lapot a kezedből a paklid tetejére.	draw 2 cards, then put 1 card from your hand on top of your deck	deck, hand	blank	blank	own_hand, own_deck	draw, return_to_deck	instant	none	Húzol 2 lapot, majd 1 lapot a kezedből a paklid tetejére teszel vissza.	elso_koros_gepi_ertelmezes	Egyszerű húzás és kézből deck-top visszahelyezés kombinációja.
Megtévesztő Manőver	Ige	Umbra	Árnyékszindikátus	-	-	3	2	-	-	Cseréld fel a Domíniumodon lévő egyik lefordított Jeled (Csapdád) helyét egy másik üres Zenit mezővel, majd húzz 1 lapot.	move one of your face-down traps on your board to another empty Zenit slot, then draw 1 card	dominium, zenit, deck	blank	blank	own_face_down_trap	move_zenit, draw	instant	target_must_be_a_face_down_own_trap_and_destination_must_be_empty_zenit_slot	Egy saját lefordított Jeledet áthelyezed egy másik üres Zenit mezőre, majd húzol 1 lapot.	osszetett_egyedi	Rejtett trap áthelyezés és utóhúzás kombinációja.
Váratlan Támadás	Ige	Umbra	Árnyékszindikátus	-	-	4	2	-	-	Egy saját Entitásod a Horizonton megkapja a Gyorsaság (Celerity) és a Métely (Bane) kulcsszavakat a kör végéig.	target allied Horizont entity gains celerity and bane until end of turn	horizont	blank	blank	own_horizont_entity	grant_keyword	until_turn_end	none	Egy saját Horizont-entitás a kör végéig megkapja a Gyorsaság és a Métely kulcsszavakat.	elso_koros_gepi_ertelmezes	Egyszerű többszörös ideiglenes keyword-adás.
Árnyék-Ugrás	Ige	Umbra	Árnyékszindikátus	-	-	5	3	-	-	Válaszd ki egy saját Entitásodat. Azonnal visszatér a kezedbe, és ezen a körön belül Aura költség nélkül újra megidézheted!	return target allied entity to your hand; you may resummon it for free this turn	hand	blank	blank	own_entity	return_to_hand, free_cast	until_turn_end	none	Egy saját entitás visszakerül a kezedbe, és ebben a körben Aura-költség nélkül újra megidézheted.	osszetett_egyedi	Saját bounce és ugyanazon körön belüli ingyenes újra-kijátszás együtt.
Árnyékba Olvadás	Ige	Umbra	Árnyékszindikátus	-	-	4	2	-	-	"Válassz egy saját Entitást a Horizonton, amely épp egy támadás vagy varázslat célpontjává vált. A varázslat ""visszahúzza"" őt egy üres Zenit mezőre, a támadás/varázslat érvénytelenítődik."	move target allied Horizont entity that became a target to an empty Zenit slot; cancel that attack or spell	horizont, zenit	blank	on_enemy_spell_target	own_horizont_entity	move_zenit, attack_nullify, counterspell	instant	target_must_be_allied_horizont_entity_that_just_became_target_of_attack_or_spell_and_empty_zenit_slot_must_exist	Egy célponttá vált saját Horizont-entitást üres Zenit mezőre húzol vissza, és a támadás vagy varázslat meghiúsul.	osszetett_egyedi	Reaktív mentő-áthelyezés és célzást semlegesítő hatás.
Alvilági Kapcsolatok	Rituálé	Umbra	Árnyékszindikátus	-	-	2	2	-	-	Keresd ki a paklidból a legalacsonyabb Magnitúdójú Jeledet (Csapdádat), és helyezd le ingyen, lefordítva a Zenitbe.	search your deck for your lowest magnitude trap and place it face down in Zenit for free	deck, zenit	blank	blank	own_deck	tutor, summon, free_cast	instant	search_lowest_magnitude_trap_in_own_deck_and_place_it_face_down_in_zenit	A paklidból kikeresed a legalacsonyabb Magnitúdójú Jeledet, és ingyen, lefordítva lerakod a Zenitbe.	osszetett_egyedi	Tutor minimális Magnitúdó alapján és közvetlen trap-setup együtt.
Titkos Találkozó	Rituálé	Umbra	Árnyékszindikátus	-	-	4	3	-	-	Felfedheted az ellenfél összes Zenitben lévő lefordított lapját (ha van), és húzhatsz annyi lapot, ahány kártyát megnéztél.	reveal all face-down enemy Zenit cards; draw that many cards	zenit, deck	blank	blank	enemy_face_down_trap	draw, ability_lock	instant	draw_equal_to_number_of_revealed_enemy_face_down_zenit_cards	Felfeded az ellenfél összes Zenitben lévő lefordított lapját, majd annyi lapot húzol, amennyit megnéztél.	osszetett_egyedi	Rejtett lapok felfedése és abból számolt húzás.
Az Árnyak Leple	Rituálé	Umbra	Árnyékszindikátus	-	-	5	4	-	-	Az összes saját Entitásod a Domíniumon immunissá válik az ellenséges Rituálékra és Igékre az adott kör végéig.	all allied entities on your board become immune to enemy rituals and spells until end of turn	dominium	blank	blank	own_entities	untargetable, damage_immunity	until_turn_end	none	Az összes saját pályán lévő entitás a kör végéig immunis lesz az ellenséges Rituálékra és Igékre.	osszetett_egyedi	Tömeges varázslat-immunitás és célzásvédelem kombinációja.
Tömeges Zsarolás	Rituálé	Umbra	Árnyékszindikátus	-	-	6	5	-	-	Az ellenfélnek választania kell: eldob 2 lapot a kezéből az Ürességbe, VAGY feláldozza a legmagasabb ATK-jú Entitását a Horizonton.	opponent chooses: discard 2 cards from hand to graveyard, or sacrifice their highest ATK Horizont entity	hand, graveyard, horizont	blank	blank	enemy_hand, enemy_horizont_entity	discard, sacrifice, choice	instant	opponent_chooses_one_of_two_modes_and_sacrifice_targets_highest_atk_enemy_horizont_entity	Az ellenfél választ: eldob 2 lapot a kezéből, vagy feláldozza a legmagasabb ATK-jú Horizont-entitását.	osszetett_egyedi	Választásos kényszerítő spell kéz- és board-erőforrás ellen.
Bérgyilkos-szerződés	Rituálé	Umbra	Árnyékszindikátus	-	-	4	4	-	-	"Jelölj ki egy ellenséges Entitást a Horizonton. Az adott kör végén az az Entitás elpusztul, kivéve, ha az ellenfél kifizet érte 3 Aurát ""vérdíjként""."	target enemy Horizont entity is destroyed at end of turn unless its controller pays 3 aura	horizont, source	blank	on_turn_end	enemy_horizont_entity	destroy	instant	target_enemy_must_be_on_horizont_and_controller_may_pay_3_aura_to_prevent_destruction	Egy ellenséges Horizont-entitás a kör végén elpusztul, hacsak az ellenfél nem fizet érte 3 Aurát.	osszetett_egyedi	Késleltetett megsemmisítés megelőzhető aurafizetéssel.
Sötét Behálózás	Rituálé	Umbra	Árnyékszindikátus	-	-	5	4	-	-	Az ellenfélnek el kell dobnia egy lapot a kezéből (véletlenszerűen) minden egyes lefordított Jel (Csapda) után, ami jelenleg a te Zenitedben van (Maximum 3 lap dobható el így).	opponent discards one random card for each face-down trap in your Zenit, up to 3	zenit, hand, graveyard	blank	blank	enemy_hand	random_discard	instant	count_face_down_own_traps_in_zenit_max_3	Az ellenfél minden saját Zenitedben lévő lefordított Jel után eldob 1 véletlenszerű lapot, legfeljebb 3-at.	osszetett_egyedi	Trap-számlálásból számolt többes random discard.
Zsarolás	Rituálé	Umbra	Árnyékszindikátus	-	-	3	2	-	-	Nézd meg az ellenfél kezét. Válassz ki egy Rituálé vagy Ige kártyát, és kényszerítsd az ellenfelet, hogy dobja az Ürességbe.	look at opponent's hand; choose a ritual or spell card and make them discard it to graveyard	hand, graveyard	blank	blank	enemy_hand_card	discard, ability_lock	instant	target_card_in_enemy_hand_must_be_a_ritual_or_spell	Az ellenfél kezéből kiválasztasz egy Rituálé vagy Ige lapot, és az a lap az Ürességbe kerül.	osszetett_egyedi	Kézinformáció és típuskorlátozott célzott kézeldobatás.
Visszautasíthatatlan Ajánlat	Rituálé	Umbra	Árnyékszindikátus	-	-	3	2	-	-	Vedd át az irányítást egy ellenséges, 2-es vagy alacsonyabb Magnitúdójú Entitás felett az adott kör végéig. Az egység megkapja a Gyorsaság (Celerity) kulcsszót.	gain control of target enemy entity with magnitude 2 or less until end of turn; it gains celerity	dominium	blank	blank	enemy_entity	control_change, grant_keyword	until_turn_end	target_enemy_entity_must_have_magnitude_lte_2	Egy 2-es vagy alacsonyabb Magnitúdójú ellenséges entitás felett átveszed az irányítást a kör végéig, és megkapja a Gyorsaság kulcsszót.	osszetett_egyedi	Ideiglenes kontrollváltás és keyword-adás együtt.
Hamis Bizonyíték	Jel	Umbra	Árnyékszindikátus	-	-	2	1	-	-	Aktiválás: Amikor az ellenfél egy Rituáléval célba veszi az egyik Entitásodat. Hatás: Irányítsd át a Rituálé hatását az ellenfél egyik saját Entitására!	when enemy ritual targets your entity: redirect that ritual to one of the opponent's own entities	dominium	blank	on_enemy_spell_target	own_entity, enemy_entity	redirect	instant	trigger_only_if_enemy_ritual_targets_an_allied_entity	Ha az ellenfél egy Rituáléval céloz egy saját entitást, a hatás az ellenfél egyik saját entitására terelődik át.	osszetett_egyedi	Spell-target átirányítás ellenfél saját célpontjára.
Mérgezett Tőrök	Jel	Umbra	Árnyékszindikátus	-	-	2	1	-	-	Aktiválás: Amikor az ellenfél megidéz egy Entitást a Horizontra. Hatás: Az újonnan megidézett Entitás kap 2 sebzést, és a bénító méreg miatt elveszíti az összes kulcsszavát az adott kör végéig.	when enemy summons an entity to Horizont: it takes 2 damage and loses all keywords until end of turn	horizont	blank	on_enemy_summon	enemy_horizont_entity	damage, ability_lock	until_turn_end	trigger_only_if_enemy_entity_is_summoned_to_horizont	Ha az ellenfél entitást idéz a Horizontra, az 2 sebzést kap, és a kör végéig elveszíti az összes kulcsszavát.	osszetett_egyedi	Summon-triggeres sebzés és teljes keyword-eltávolítás.
Váratlan Adóellenőrzés	Jel	Umbra	Árnyékszindikátus	-	-	3	2	-	-	Aktiválás: Amikor az ellenfél kijátszik egy Entitást vagy Varázslatot a kezéből. Hatás: Az ellenfélnek azonnal ki kell fizetnie +1 (vagy +2) Aurát. Ha nem tudja vagy nem akarja kifizetni, a kijátszott kártya hatása érvénytelenítődik, és visszakerül a kezébe (az eredeti Aura-költség viszont elveszik).	when enemy plays an entity or spell from hand: they must immediately pay +1 or +2 aura, or that card is countered and returned to hand	hand, source	blank	on_enemy_card_played	enemy_entity, enemy_spell	counterspell, return_to_hand, cost_mod	instant	trigger_only_if_enemy_plays_entity_or_spell_from_hand_and_fails_or_refuses_to_pay_extra_aura	Ha az ellenfél kézből Entitást vagy Varázslatot játszik ki, extra Aurát kell fizetnie, különben a lap hatása meghiúsul és visszakerül a kezébe.	osszetett_egyedi	Extra fizetési adó kijátszáskor, sikertelen fizetésnél counter + kézbe visszatérés.
Végzetes Lépés	Jel	Umbra	Árnyékszindikátus	-	-	3	3	-	-	Aktiválás: Amikor az ellenfél támadást indít egy Pecséted ellen. Hatás: Áldozz fel egy saját Entitást a Domíniumon. A támadás érvénytelenítődik, és a támadó Entitás a saját ATK-jával megegyező sebzést okoz egy másik, az ellenfél által uralt Entitásnak.	when enemy attacks your seal: sacrifice an allied entity, cancel the attack, then the attacker deals damage equal to its ATK to another enemy-controlled entity	seal_row, dominium	blank	on_attack_declared	own_entity, enemy_entity	sacrifice, attack_nullify, damage	instant	trigger_only_if_enemy_attacks_own_seal_and_another_enemy_entity_exists	Ha az ellenfél egy pecsétedet támadja, feláldozol egy saját entitást, a támadás meghiúsul, és a támadó a saját ATK-jával sebez meg egy másik ellenséges entitást.	osszetett_egyedi	Saját áldozattal fizetett támadásmegszakítás és kényszerített ellenséges önsebzés.
A Hallgatás Ára	Jel	Umbra	Árnyékszindikátus	-	-	4	3	-	-	Aktiválás: Amikor az ellenfél aktiválna egy Reakció (Burst) képességet egy feltört Pecsétből. Hatás: Semlegesítsd a hatást, és az ellenfél köteles 1 lapot az Ősforrásából az Ürességbe küldeni (Magnitúdó csökkentés).	when enemy would activate a burst ability from a broken seal: counter it and send 1 source card from their source to graveyard	seal_row, source, graveyard	burst	on_enemy_ability_activated	enemy_source_card	counterspell, move_to_source	instant	trigger_only_if_enemy_activates_burst_from_a_broken_seal	Ha az ellenfél feltört pecsétből Burst hatást aktiválna, a hatás meghiúsul, és 1 lapot küld az Ősforrásából az Ürességbe.	osszetett_egyedi	Burst-ellenes trap és forráscsökkentő büntetés.
Kínok Hálója	Jel	Umbra	Árnyékszindikátus	-	-	4	2	-	-	Aktiválás: Amikor az ellenfél a normál Ébredés fázisán kívül kártyát húz. Hatás: Azonnal elszenved 2 sebzést az egyik Pecsétjébe, és az imént felhúzott lapot egyenesen az Ürességbe kell dobnia.	when enemy draws a card outside the normal awakening phase: deal 2 damage to one of their seals and they discard the just-drawn card	seal_row, hand, graveyard	blank	on_enemy_extra_draw	enemy_seal, enemy_hand_card	seal_damage, discard	instant	trigger_only_if_enemy_draws_outside_normal_awakening_phase	Ha az ellenfél a normál Ébredés fázison kívül húz lapot, 2 sebzést szenved egy pecsétjébe, és az imént húzott lap az Ürességbe kerül.	osszetett_egyedi	Extra húzást büntető trap konkrét húzott lap kezelésével.
Rejtett Csapóajtó	Jel	Umbra	Árnyékszindikátus	-	-	2	2	-	-	Aktiválás: Amikor az ellenfél egy Entitással támadást indít. Hatás: A támadó Entitás beesik a csapóajtón; azonnal visszakerül a játékos paklijának aljára.	when enemy entity attacks: put that attacker on the bottom of its owner's deck	deck	blank	on_attack_declared	enemy_entity	return_to_deck_bottom, attack_nullify	instant	none	Amikor az ellenfél egy entitással támadást indít, a támadó azonnal a pakli aljára kerül.	osszetett_egyedi	Támadásmegszakításként működő deck-bottom eltávolítás.
Kettős Ügynök	Jel	Umbra	Árnyékszindikátus	-	-	5	3	-	-	Aktiválás: Amikor az ellenfél aktiválja egy saját Entitásának Riadó (Clarion) képességét. Hatás: A képesség hatása ellene fordul, és te döntheted el a célpontjait vagy a bónuszokat!	when enemy activates an entity's clarion ability: its effect is turned against them and you choose targets or bonuses	dominium	clarion	on_enemy_ability_activated	enemy_entity	redirect, choice	instant	trigger_only_if_enemy_activates_a_clarion_ability_of_their_entity	Ha az ellenfél egy saját entitása Clarion képességét aktiválja, a hatás ellene fordul, és te döntöd el a célpontokat vagy bónuszokat.	osszetett_egyedi	Képesség-eltérítés és célpontátvétel ellenséges entitásképességen.
A Tolvajok Céhe	Sík	Umbra	Árnyékszindikátus	-	-	2	3	-	-	"Amíg aktív, minden ""Tolvaj"" és ""Orgyilkos"" kasztú Entitásod megidézési költsége 1 Aurával csökken."	while active, your Thief and Assassin class entities cost 1 less to summon	dominium	blank	static	own_entities	cost_mod	while_active	affects_only_allied_thief_and_assassin_class_entities	Minden saját Tolvaj és Orgyilkos kasztú entitásod idézési költsége 1 Aurával csökken, amíg a sík aktív.	folyamatos_sik_hatas	Kasztszűrt folyamatos költségcsökkentő síkhatás.
Éjszakai Piac	Sík	Umbra	Árnyékszindikátus	-	-	4	4	-	-	Amíg aktív, minden saját köröd kezdetén megnézheted a paklid legfelső lapját, és dönthetsz úgy, hogy az Ürességbe dobod.	while active, at the start of each of your turns you may look at the top card of your deck and may put it into your graveyard	deck, graveyard	blank	on_start_of_turn	own_deck	move_to_source, choice	while_active	trigger_at_start_of_each_own_turn	Amíg a sík aktív, minden saját köröd elején megnézheted a paklid legfelső lapját, és dönthetsz úgy, hogy az Ürességbe dobod.	folyamatos_sik_hatas	Körkezdeti deck-top vizsgálat és opcionális self-mill.
Az Elfeledett Katakombák	Sík	Umbra	Árnyékszindikátus	-	-	5	5	-	-	Amíg aktív, minden körödben az ELSŐ alkalommal, amikor az ellenfél eldob egy kártyát a kezéből, te okozhatsz 1 közvetlen sebzést az ellenfél egyik Pecsétjének vagy egy Entitásának.	while active, the first time each turn your opponent discards a card from hand, you may deal 1 direct damage to an enemy seal or entity	seal_row, dominium	blank	on_discard	enemy_seal, enemy_entity	damage, seal_damage	while_active	trigger_only_on_first_enemy_discard_each_turn	Amíg a sík aktív, minden körben az első ellenfél által eldobott kézlap után 1 közvetlen sebzést okozhatsz egy ellenséges pecsétnek vagy entitásnak.	folyamatos_sik_hatas	Első discard-eseményre korlátozott közvetlen sebző síkhatás.
Feketepiaci Sikátor	Sík	Umbra	Árnyékszindikátus	-	-	3	3	-	-	"Amíg ez a Sík aktív, minden alkalommal, amikor egy Jeled (Csapdád) aktiválódik, húzhatsz 1 lapot. Az ellenfélnek pedig minden saját köre elején 1 Aurát le kell forgatnia (Kimerítenie), hogy ""üzletelhessen"" ezen a területen."	while active, whenever one of your traps triggers you may draw 1; at the start of each opponent turn they must exhaust 1 aura	deck, source	blank	on_trap_triggered	self, enemy_source_card	draw, exhaust	while_active	opponent_must_exhaust_1_aura_at_start_of_each_own_turn_and_you_may_draw_when_your_trap_triggers	Amíg a sík aktív, saját Jeled aktiválódásakor húzhatsz 1 lapot, az ellenfél pedig minden saját köre elején 1 Aurát kimerít.	folyamatos_sik_hatas	Trap-triggeres húzás és külön ellenfélkör-kezdő auraadó kombinációja.
Üresség-szülte Koldus	Entitás	Umbra	Lélekaratók	Élőholt	Alap	1	1	1	1	[DOMÍNIUM] Visszhang (Echo): Amikor ez az Entitás a Domíniumról elpusztulva az Ürességbe kerül, húzz 1 lapot.	[DOMINIUM] echo: when this dies from the board and goes to graveyard, draw 1	dominium, graveyard, deck	echo	on_death	self	draw	instant	trigger_only_if_this_dies_from_dominium_and_goes_to_graveyard	Ha ez az entitás a Domíniumról az Ürességbe kerül, húzol 1 lapot.	elso_koros_gepi_ertelmezes	Egyszerű Echo-triggeres húzás.
Kriptapatkány	Entitás	Umbra	Lélekaratók	Bestia	Alap	1	1	1	1	[DOMÍNIUM] Visszhang (Echo): Amikor elpusztul, az ellenfél egyik választott Entitása kap 1 sebzést.	[DOMINIUM] echo: when this dies, an enemy chosen entity takes 1 damage	dominium	echo	on_death	enemy_entity	damage	instant	enemy_chooses_target_entity	Amikor elpusztul, az ellenfél egyik választott entitása 1 sebzést kap.	osszetett_egyedi	Echo-triggeres sebzés, ahol a célpontválasztás az ellenfélnél van.
Nekromanta Tanítvány	Entitás	Umbra	Lélekaratók	Ember	Nekromanta	2	1	1	3	"[ZENIT] A saját Manifesztáció fázisodban (körönként egyszer) feláldozhatsz egy saját Entitást a Domíniumról, hogy húzz 1 lapot. Csak akkor húzhatsz még 1 extra lapot, ha a feláldozott Entitás ""Élőholt"" Főfajú volt."	[ZENIT] during your manifestation phase once per turn, you may sacrifice an allied entity to draw 1; if it was Undead, draw 1 more	zenit, dominium, deck	blank	on_influx_phase	own_entity	sacrifice, draw	instant	usable_once_per_turn_and_draw_1_extra_if_sacrificed_entity_was_undead	A saját Manifesztáció fázisodban feláldozhatsz egy saját entitást húzásért, és ha az Élőholt volt, még 1 extra lapot húzol.	osszetett_egyedi	Fázis-alapú sacrifice outlet fajfüggő extra húzással.
Nyughatatlan Kísértet	Entitás	Umbra	Lélekaratók	Szellem	Alap	2	3	2	2	[DOMÍNIUM] Légies (Ethereal). Visszhang (Echo): Ha ez a lap elpusztul, a következő köröd Ébredés fázisában automatikusan visszatér az Ürességből a kezedbe.	[DOMINIUM] ethereal; echo: when this dies, return it from graveyard to hand at your next awakening	dominium, graveyard, hand	ethereal, echo	on_death	self	graveyard_recursion, return_to_hand	next_own_awakening	none	Légies entitás, amely halál után a következő Ébredés fázisodban visszatér az Ürességből a kezedbe.	osszetett_egyedi	Késleltetett graveyardból kézbe visszatérés Echo mellett.
Lélekszívó Papnő	Entitás	Umbra	Lélekaratók	Ember	Pap	3	2	2	3	[ZENIT] A saját Manifesztáció fázisodban (körönként egyszer) feláldozhatod egy vele egy Áramlatban lévő, előtte álló saját Entitást. Ha megteszed, azonnal kapsz 2 ideiglenes Umbra Aurát.	[ZENIT] during your manifestation phase once per turn, you may sacrifice the allied entity in front of this; if you do, gain 2 temporary Umbra aura	zenit, horizont, source	blank	on_influx_phase	own_horizont_entity	sacrifice, resource_gain	until_turn_end	usable_once_per_turn_and_target_must_be_the_allied_entity_in_front_in_same_lane	A saját Manifesztáció fázisodban feláldozhatod az előtte álló saját entitást, hogy 2 ideiglenes Umbra Aurát kapj.	osszetett_egyedi	Lane-kötött fázis-alapú sacrifice outlet ideiglenes erőforrással.
Feltámadt Csonttörő	Entitás	Umbra	Lélekaratók	Élőholt	Harcos	3	3	3	2	[HORIZONT] Gyorsaság (Celerity). Visszhang (Echo): Ha elpusztul, a következő köröd Ébredés fázisában automatikusan visszatér az Ürességből a Zenitbe, Kimerült állapotban.	[HORIZONT] celerity; echo: when this dies, return it from graveyard to Zenit exhausted at your next awakening	horizont, graveyard, zenit	celerity, echo	on_death	self	graveyard_recursion, summon, exhaust	next_own_awakening	none	Gyorsaságos entitás, amely halál után a következő Ébredés fázisodban kimerülten visszatér a Zenitbe.	osszetett_egyedi	Késleltetett graveyard recursion Zenitbe Echo mellett.
Kárhozott Lovag	Entitás	Umbra	Lélekaratók	Élőholt	Lovag	3	4	5	2	[HORIZONT] Gyorsaság (Celerity). A kör végén (Eloszlás fázis), amelyben megidézted, ez az Entitás a sötét paktum miatt automatikusan elpusztul és az Ürességbe kerül.	[HORIZONT] celerity; at end of the turn it was summoned, this is destroyed and sent to graveyard	horizont, graveyard	celerity	on_turn_end	self	destroy	instant	trigger_only_on_the_end_of_the_turn_this_was_summoned	Gyorsaságos entitás, amely a megidézése körének végén automatikusan elpusztul és az Ürességbe kerül.	osszetett_egyedi	Késleltetett önmegsemmisítés summon-turn trackinggel.
Sikoltó Lidérc	Entitás	Umbra	Lélekaratók	Szellem	Alap	3	2	2	2	[HORIZONT] Légies (Ethereal). Ha támadása sikeres, az ellenfélnek el kell dobnia egy véletlenszerű lapot a Kezéből.	[HORIZONT] ethereal; when this attack is successful, opponent discards a random card from hand	horizont, hand, graveyard	ethereal	on_attack_hits	enemy_hand	random_discard	instant	none	Légies entitás, amely sikeres támadás után véletlenszerű lapeldobást okoz az ellenfél kezéből.	osszetett_egyedi	Sikeres támadáshoz kötött random discard.
Sírkerti Gólem	Entitás	Umbra	Lélekaratók	Gólem	Élőholt	4	3	3	4	"[HORIZONT] Amikor ez az Entitás elpusztulna, feláldozhatsz egy másik saját Entitást a Domíniumról. Ha megteszed, a Gólem a pályán marad 1 HP-val, és véglegesen kap +2 ATK-t. Minden alkalommal, amikor ez a lény a halál elkerülése végett beáldoz egy ""lélek-lapot"" az Ürességbe, kap +2 ATK-t."	[HORIZONT] when this would die, you may sacrifice another allied entity; if you do, this stays at 1 HP and gains +2 ATK permanently	horizont, dominium, graveyard	blank	on_death	self, other_own_entity	sacrifice, damage_prevention, atk_mod	until_match_end	requires_sacrificing_another_allied_entity_to_prevent_this_death	Amikor elpusztulna, feláldozhatsz egy másik saját entitást, hogy 1 HP-val pályán maradjon és véglegesen +2 ATK-t kapjon.	osszetett_egyedi	Halálhelyettesítés sacrifice költséggel és permanens önbuffal; a második mondat ezt az ismételt mintát hangsúlyozza.
Golgota-Gólem	Entitás	Umbra	Lélekaratók	Gólem	Élőholt	4	4	2	6	[HORIZONT] Oltalom (Aegis). Minden alkalommal, amikor egy saját Entitásod az Ürességbe kerül, ez a Gólem kap +1 maximális HP-t.	[HORIZONT] aegis; whenever one of your entities goes to graveyard, this gains +1 max HP	horizont, graveyard	aegis	on_death	self	hp_mod	until_match_end	trigger_when_an_allied_entity_goes_to_graveyard	Oltalommal rendelkező Gólem, amely minden saját entitás Ürességbe kerülésekor +1 max HP-t kap.	osszetett_egyedi	Graveyard-triggeres permanens HP-növekedés.
Vérszomjas Vámpírúr	Entitás	Umbra	Lélekaratók	Vámpír	Nemes	5	4	4	4	[HORIZONT] Hasítás (Sundering). Amikor egy saját Entitásod elpusztul a Domíniumon, a Vámpírúr a felszabaduló életerőből kap +1 ATK-t és +1 maximális HP-t a mérkőzés hátralévő részére.	[HORIZONT] sundering; whenever your entity dies on the board, this gains +1 ATK and +1 max HP permanently	horizont, dominium, graveyard	sundering	on_death	self	atk_mod, hp_mod	until_match_end	trigger_when_an_allied_entity_dies_on_dominium	Hasításos entitás, amely minden saját Domíniumon elpusztuló entitás után +1 ATK-t és +1 max HP-t kap véglegesen.	osszetett_egyedi	Pályahalál-triggeres permanens kettős önbuff.
Lélekkufár Démon	Entitás	Umbra	Lélekaratók	Démon	Alap	5	4	4	4	[DOMÍNIUM] Riadó (Clarion): Megidézésekor pusztíts el egy másik saját Entitást a Domíniumon, hogy azonnal kapj 3 ideiglenes Umbra Aurát.	[DOMINIUM] clarion: destroy another allied entity on board to gain 3 temporary Umbra aura	dominium, source	clarion	on_summon	other_own_entity	destroy, resource_gain	until_turn_end	must_destroy_another_allied_entity_on_dominium_to_gain_the_aura	Clarionkor elpusztítasz egy másik saját entitást a Domíniumon, hogy 3 ideiglenes Umbra Aurát kapj.	osszetett_egyedi	Destruction-as-cost jellegű Clarion erőforrásnyeréssel.
Kárhozat Wyrm	Entitás	Umbra	Lélekaratók	Sárkány	Alap	7	5	6	5	[HORIZONT] Hasítás (Sundering). Ez az Entitás csak akkor indíthat támadást, ha előtte feláldozol egy másik saját Entitást. Ha megteszed, a támadás idejére kap +3 ATK bónuszt.	[HORIZONT] sundering; this can attack only if you first sacrifice another allied entity, and if you do it gains +3 ATK during combat	horizont	sundering	on_attack_declared	self, other_own_entity	sacrifice, attack_restrict, atk_mod	during_combat	must_sacrifice_another_allied_entity_before_attacking	Hasításos entitás, amely csak akkor támadhat, ha előtte feláldozol egy másik saját entitást; ekkor a harcra +3 ATK-t kap.	osszetett_egyedi	Támadásköltséghez kötött sacrifice és ideiglenes buff.
Az Üresség Leviatánja	Entitás	Umbra	Lélekaratók	Sárkány	Alap	7	6	7	6	[HORIZONT] Riadó (Clarion): Amikor megidézed, tetszőleges számú saját Entitást feláldozhatsz. Ahány Entitást így feláldoztál, a Leviatán annyiszor 2 sebzést okoz véletlenszerűen kiválasztott ellenséges Entitásoknak.	[HORIZONT] clarion: you may sacrifice any number of allied entities; for each one sacrificed, deal 2 damage to a random enemy entity	horizont, dominium	clarion	on_summon	own_entities, enemy_entity	sacrifice, damage	instant	you_may_sacrifice_any_number_of_allied_entities_and_each_creates_one_random_2_damage_instance	Clarionkor tetszőleges számú saját entitást feláldozhatsz, és mindegyik után 2 sebzést oszt ki véletlenszerű ellenséges entitásra.	osszetett_egyedi	Változó számú sacrifice és többször ismétlődő random sebzés.
Temetői Sírásó	Entitás	Umbra	Lélekaratók	Ember	Zsoldos	1	1	2	1	[DOMÍNIUM] Riadó (Clarion): Helyezd a paklid legfelső lapját az Ürességbe, hogy a Sírásó véglegesen kapjon +1 maximális HP-t.	[DOMINIUM] clarion: put the top card of your deck into graveyard; this gains +1 max HP permanently	dominium, deck, graveyard	clarion	on_summon	self	move_to_source, hp_mod	until_match_end	none	Clarionkor a paklid legfelső lapját az Ürességbe helyezed, és ez a lap véglegesen +1 max HP-t kap.	elso_koros_gepi_ertelmezes	Egyszerű self-mill plusz permanens önbuff.
Bolyongó Lélek	Entitás	Umbra	Lélekaratók	Szellem	Alap	1	1	1	1	[HORIZONT] Légies (Ethereal). Visszhang (Echo): Ha elpusztul, adhatsz +1 ATK-t egy másik saját Entitásnak.	[HORIZONT] ethereal; echo: when this dies, another allied entity may gain +1 ATK	horizont	ethereal, echo	on_death	other_own_entity	atk_mod	until_match_end	none	Légies entitás, amely halálakor egy másik saját entitásnak +1 ATK-t adhat.	osszetett_egyedi	Echo-triggeres permanens buff másik saját célpontra.
Csontváz Harcos	Entitás	Umbra	Lélekaratók	Élőholt	Harcos	2	2	3	1	[HORIZONT] Hasítás (Sundering).	[HORIZONT] sundering	horizont	sundering	static	self	blank	static_while_on_board	none	A Horizonton Hasítás kulcsszóval rendelkező egyszerű entitás.	passziv_vagy_egyszeru	Tiszta natív keywordös lap.
Vérszívó Denevér	Entitás	Umbra	Lélekaratók	Bestia	Alap	2	2	2	2	[HORIZONT] Bármikor, amikor sebzést okoz egy ellenséges Entitásnak, a saját Aeternalod visszatölt 1 HP-t.	[HORIZONT] whenever this deals damage to an enemy entity, heal your Aeternal 1	horizont, aeternal	blank	on_combat_damage_dealt	enemy_entity, own_aeternal	heal	instant	none	Amikor ez a lap sebzést okoz egy ellenséges entitásnak, az Aeternalod 1 HP-t gyógyul.	elso_koros_gepi_ertelmezes	Egyszerű damage-triggeres Aeternal gyógyítás.
Halottidéző Akolitus	Entitás	Umbra	Lélekaratók	Ember	Nekromanta	2	2	1	3	[ZENIT] Rezonancia 2.	[ZENIT] resonance 2	zenit	resonance	static	self	blank	static_while_on_board	none	A Zenitben Rezonancia 2-vel rendelkező egyszerű támogató entitás.	passziv_vagy_egyszeru	Tiszta natív keywordös lap.
Kripta-Pók	Entitás	Umbra	Lélekaratók	Bestia	Alap	3	3	2	3	[HORIZONT] Métely (Bane). Visszhang (Echo): Amikor elpusztul, egy ellenséges Entitás azonnal elveszít -1 ATK-t a kör végéig.	[HORIZONT] bane; echo: when this dies, target enemy entity gets -1 ATK until end of turn	horizont	bane, echo	on_death	enemy_entity	atk_mod	until_turn_end	none	Mételyes entitás, amely halálakor egy ellenséges entitás -1 ATK-t kap a kör végéig.	elso_koros_gepi_ertelmezes	Echo-triggeres egyszerű ideiglenes debuff.
Szellemlovas	Entitás	Umbra	Lélekaratók	Élőholt	Lovag	3	3	3	4	[HORIZONT] Gyorsaság (Celerity). Légies (Ethereal).	[HORIZONT] celerity; ethereal	horizont	celerity, ethereal	static	self	blank	static_while_on_board	none	A Horizonton Gyorsaság és Légies kulcsszóval rendelkező entitás.	passziv_vagy_egyszeru	Két natív keywordös lap.
Átkozott Kultista	Entitás	Umbra	Lélekaratók	Ember	Pap	3	3	2	4	[ZENIT] Harmonizálás (Harmonize). Amikor a támogatott Entitás elpusztul, a Kultista azonnal húz neked 1 kártyát.	[ZENIT] harmonize; when the supported entity dies, draw 1	zenit, horizont, deck	harmonize	on_death	own_horizont_entity	draw	instant	trigger_only_if_the_supported_entity_dies	Harmonizálást ad, és ha a támogatott entitás elpusztul, húzol 1 lapot.	osszetett_egyedi	Támogatott célponthoz kötött haláltriggeres húzás.
Nyomorúságos Ghoul	Entitás	Umbra	Lélekaratók	Élőholt	Alap	4	3	4	3	[HORIZONT] Ha az Ürességből támasztod fel a pályára, megkapja a Gyorsaság (Celerity) és a Hasítás (Sundering) kulcsszavakat.	[HORIZONT] if this is revived from graveyard to the board, it gains celerity and sundering	horizont, graveyard	blank	on_summon	self	grant_keyword	static_while_on_board	trigger_only_if_this_is_summoned_from_graveyard	Ha az Ürességből támasztod fel a pályára, megkapja a Gyorsaság és a Hasítás kulcsszavakat.	osszetett_egyedi	Revive-származású summon állapothoz kötött keyword-adás.
Lelkek Pásztora	Entitás	Umbra	Lélekaratók	Ember	Nekromanta	4	4	3	5	[ZENIT] Minden saját Manifesztáció fázisodban visszahozhatsz egy 1-es Magnitúdójú Entitást az Ürességből Kimerült állapotban.	[ZENIT] during each of your manifestation phases, you may return a magnitude 1 entity from your graveyard exhausted	zenit, graveyard, dominium	blank	on_influx_phase	own_graveyard_entity	graveyard_recursion, summon, exhaust	instant	target_must_be_entity_in_own_graveyard_with_magnitude_1	Minden saját Manifesztáció fázisban visszahozhatsz egy 1-es Magnitúdójú entitást az Ürességből Kimerült állapotban.	osszetett_egyedi	Ismétlődő fázis-alapú graveyard recursion.
Éjfattyú	Entitás	Umbra	Lélekaratók	Démon	Alap	4	4	4	4	[DOMÍNIUM] Ha az Ürességbe kerül a pályáról, okoz 2 sebzést az összes ellenséges Entitásnak a Horizonton.	[DOMINIUM] when this goes to graveyard from the board, deal 2 damage to all enemy Horizont entities	dominium, graveyard, horizont	blank	on_leave_board	enemy_horizont_entities	damage	instant	trigger_only_if_this_goes_to_graveyard_from_board	Ha a pályáról az Ürességbe kerül, 2 sebzést okoz az összes ellenséges Horizont-entitásnak.	elso_koros_gepi_ertelmezes	Egyszerű leave-board triggeres tömeges sebzés.
Halállovag	Entitás	Umbra	Lélekaratók	Élőholt	Lovag	5	5	5	5	[HORIZONT] Oltalom (Aegis). Bármikor, amikor egy saját Entitásodat feláldozod, a Halállovag véglegesen kap +1 ATK-t.	[HORIZONT] aegis; whenever you sacrifice one of your entities, this gains +1 ATK permanently	horizont	aegis	on_death	self	atk_mod	until_match_end	trigger_when_you_sacrifice_an_allied_entity	Oltalommal rendelkező entitás, amely minden saját feláldozott entitás után véglegesen +1 ATK-t kap.	osszetett_egyedi	Sacrifice-triggeres permanens önbuff.
Lélekzabáló Bestia	Entitás	Umbra	Lélekaratók	Bestia	Alap	5	5	4	6	[HORIZONT] Hasítás (Sundering). Amikor elpusztít egy ellenséges Entitást harcban, tölts vissza 2 HP-t az Aeternalodnak.	[HORIZONT] sundering; when this destroys an enemy entity in combat, heal your Aeternal 2	horizont, aeternal	sundering	on_attack_hits	enemy_entity, own_aeternal	heal	instant	trigger_when_this_destroys_an_enemy_entity_in_combat	Hasításos entitás, amely harci ölés után 2 HP-t gyógyít az Aeternalodon.	osszetett_egyedi	Harci kill-triggeres Aeternal gyógyítás.
Ősi Vámpír	Entitás	Umbra	Lélekaratók	Vámpír	Orgyilkos	6	6	6	5	[HORIZONT] Métely (Bane). Ha egy sérült (nem max HP-n lévő) Entitást támad, a támadás idejére kap +2 ATK-t.	[HORIZONT] bane; if this attacks a damaged entity, it gains +2 ATK during combat	horizont	bane	on_attack_declared	self	atk_mod	during_combat	target_enemy_entity_must_be_damaged	Mételyes entitás, amely sérült célpont támadásakor +2 ATK-t kap a harc idejére.	elso_koros_gepi_ertelmezes	Egyszerű feltételes combat buff natív keyword mellett.
Csontsárkány	Entitás	Umbra	Lélekaratók	Sárkány	Alap	7	7	6	7	[HORIZONT] Visszhang (Echo): Ha elpusztul, a következő Ébredés fázisodban azonnal visszatér a Horizontra, de maximális HP-ja felére csökken.	[HORIZONT] echo: when this dies, return it to Horizont at your next awakening with its max HP halved	horizont, graveyard	echo	on_death	self	graveyard_recursion, summon, hp_mod	next_own_awakening	returns_to_horizont_at_next_awakening_with_max_hp_halved	Ha elpusztul, a következő Ébredés fázisodban visszatér a Horizontra, de a maximális HP-ja felére csökken.	osszetett_egyedi	Késleltetett visszatérés maradandó statmódosítással.
Azaroth a Kaszás	Entitás	Umbra	Lélekaratók	Élőholt	Hős	8	8	8	8	[HORIZONT] Hasítás (Sundering). [DOMÍNIUM] Riadó (Clarion): Semmisíts meg minden 3-as vagy annál kisebb Magnitúdójú Entitást a pályán (sajátokat és ellenségeseket is).	[HORIZONT] sundering; [DOMINIUM] clarion: destroy all entities on the board with magnitude 3 or less	horizont, dominium	sundering, clarion	on_summon	own_entities, enemy_entities	destroy	instant	affects_all_entities_on_board_with_magnitude_lte_3	Hasítással rendelkező hős, amely Clarionkor elpusztít minden 3-as vagy kisebb Magnitúdójú entitást a pályán.	osszetett_egyedi	Tömeges, kétoldali Magnitúdó-szűrt megsemmisítés.
Hirtelen Végzet	Ige	Umbra	Lélekaratók	-	-	3	2	-	-	Áldozz fel egy saját Entitást. Azonnal pusztíts el egy olyan ellenséges Entitást a Horizonton, amelynek az ATK-ja kisebb vagy egyenlő a feláldozott Entitásod maximális HP-jával. Reakció (Burst): Ingyen elsüthető.	sacrifice an allied entity; destroy target enemy Horizont entity with ATK less than or equal to the sacrificed entity's max HP	horizont	burst	blank	own_entity, enemy_horizont_entity	sacrifice, destroy	instant	target_enemy_horizont_entity_atk_must_be_lte_sacrificed_entity_max_hp	Feláldozol egy saját entitást, majd elpusztítasz egy ellenséges Horizont-entitást, ha annak ATK-ja nem nagyobb a feláldozott entitás max HP-jánál.	osszetett_egyedi	Áldozatból számolt feltételes megsemmisítés Burst-tel.
A Temető Kapuja	Ige	Umbra	Lélekaratók	-	-	3	3	-	-	Válassz egy 3-as vagy kisebb Magnitúdójú Entitást a saját Ürességedből, és tedd a kezedbe. Reakció (Burst): Ingyen elsüthető!	choose an entity with magnitude 3 or less from your graveyard and put it into your hand	graveyard, hand	burst	blank	own_graveyard_entity	graveyard_recursion, return_to_hand	instant	target_must_be_entity_in_own_graveyard_with_magnitude_lte_3	A saját Ürességedből egy 3-as vagy kisebb Magnitúdójú entitást a kezedbe veszel.	elso_koros_gepi_ertelmezes	Egyszerű graveyardból kézbe visszavétel Burst-tel.
Életerő Elszívása	Ige	Umbra	Lélekaratók	-	-	2	1	-	-	Okoz 2 sebzést egy ellenséges Entitásnak, és te visszatöltesz 2 HP-t a leginkább sérült Pecsétednek (vagy az Aeternalodnak).	deal 2 damage to target enemy entity, then restore 2 HP to your most damaged seal or your Aeternal	aeternal, seal_row	blank	blank	enemy_entity, own_seal, own_aeternal	damage, heal	instant	restore_to_most_damaged_own_seal_or_aeternal	2 sebzést okozol egy ellenséges entitásnak, majd 2 HP-t gyógyítasz a leginkább sérült pecséteden vagy az Aeternalodon.	osszetett_egyedi	Célzott sebzés és prioritásos végpont-heal együtt.
Sötét Feláldozás	Ige	Umbra	Lélekaratók	-	-	3	1	-	-	Áldozz fel egy saját Entitást a pályán. Azonnal kapsz annyi ideiglenes Umbra Aurát a körre, amennyi az Entitás Magnitúdója volt.	sacrifice an allied entity on board; gain temporary Umbra aura equal to its magnitude this turn	dominium, source	blank	blank	own_entity	sacrifice, resource_gain	until_turn_end	gain_temporary_umbra_aura_equal_to_sacrificed_entity_magnitude	Feláldozol egy saját pályán lévő entitást, majd annyi ideiglenes Umbra Aurát kapsz erre a körre, amennyi annak Magnitúdója volt.	osszetett_egyedi	Változó értékű erőforrásnyerés sacrifice alapján.
Halálos Csend	Ige	Umbra	Lélekaratók	-	-	4	2	-	-	Egy ellenséges Entitás elveszíti az összes kulcsszavát az adott kör végéig. Reakció (Burst): Ingyen elsüthető.	target enemy entity loses all keywords until end of turn	blank	burst	blank	enemy_entity	ability_lock	until_turn_end	none	Egy ellenséges entitás a kör végéig elveszíti az összes kulcsszavát.	osszetett_egyedi	Teljes ideiglenes keyword-eltávolítás Burst-tel.
Visszahívás az Ürességből	Ige	Umbra	Lélekaratók	-	-	5	3	-	-	Válassz egy Entitást a saját Ürességedből. Idézd meg azonnal a Domíniumra Aktív állapotban!	choose an entity from your graveyard and summon it to the board ready	graveyard, dominium	blank	blank	own_graveyard_entity	graveyard_recursion, summon, ready	instant	none	Egy entitást választasz a saját Ürességedből, és azonnal Aktív állapotban megidézed a Domíniumra.	osszetett_egyedi	Általános azonnali graveyard recursion Aktív állapotban.
Erőszakos Végzet	Ige	Umbra	Lélekaratók	-	-	5	2	-	-	Semmisíts meg egy saját Entitást a Horizonton. Cserébe az ellenfél egyik általad választott célpont Entitása azonnal elpusztul és az Ürességbe kerül.	destroy an allied Horizont entity; destroy target enemy entity	horizont, graveyard	blank	blank	own_horizont_entity, enemy_entity	destroy	instant	none	Megsemmisítesz egy saját Horizont-entitást, majd elpusztítasz egy választott ellenséges entitást.	osszetett_egyedi	Költségszerű saját megsemmisítésből fakadó célzott eltávolítás.
Kínzó Visszhang	Ige	Umbra	Lélekaratók	-	-	5	3	-	-	Okoz annyi sebzést egy szabadon választott ellenséges Entitásnak, ahány saját Entitásod ebben a körben már elpusztult (akár harcban, akár feláldozás miatt). Minimum 2 sebzést mindenképp okoz.	deal damage to target enemy entity equal to the number of your entities that died this turn, minimum 2	blank	blank	blank	enemy_entity	damage	instant	damage_equals_number_of_allied_entities_that_died_this_turn_minimum_2	Egy ellenséges entitásnak annyi sebzést okozol, ahány saját entitásod ebben a körben elpusztult, legalább 2-t.	osszetett_egyedi	Körön belüli halálszámlálásból számolt változó sebzés.
Sötét Alku	Rituálé	Umbra	Lélekaratók	-	-	2	1	-	-	Küldj az Ürességbe egy saját (akár Kimerült) Entitást a Domíniumról. Cserébe azonnal húzz 2 lapot a paklidból.	send an allied entity from your board to the graveyard, then draw 2 cards	dominium, graveyard, deck	blank	blank	own_entity	sacrifice, draw	instant	none	Egy saját pályán lévő entitást az Ürességbe küldesz, majd húzol 2 lapot.	elso_koros_gepi_ertelmezes	Egyszerű sacrifice-szerű költség és húzás.
Lelkek Tánca	Rituálé	Umbra	Lélekaratók	-	-	2	2	-	-	"Húzz 1 lapot minden egyes ""Élőholt"" és ""Szellem"" Entitásod után, ami jelenleg a Domíniumon van (maximum 3-at)."	draw 1 card for each allied Undead and Spirit entity on the board, up to 3	dominium, deck	blank	blank	own_entities	draw	instant	count_allied_undead_and_spirit_entities_on_board_max_3	Minden saját Élőholt és Szellem entitásod után húzol 1 lapot, legfeljebb 3-at.	elso_koros_gepi_ertelmezes	Fajszűrt tömeges húzás felső limittel.
Kriptanyitás	Rituálé	Umbra	Lélekaratók	-	-	3	3	-	-	Nézd meg a paklid legfelső 5 lapját. Tegyél egyet a kezedbe, a többit pedig egyenesen az Ürességbe.	look at the top 5 cards of your deck; put 1 into your hand and the rest into your graveyard	deck, hand, graveyard	blank	blank	own_deck	tutor, move_to_source	instant	look_at_top_5_cards_of_own_deck_choose_1_to_hand_send_the_rest_to_graveyard	Megnélzed a paklid felső 5 lapját, 1-et kézbe veszel, a többit az Ürességbe küldöd.	osszetett_egyedi	Top-deck válogatás és célzott self-mill kombinációja.
Haláltusa	Rituálé	Umbra	Lélekaratók	-	-	4	3	-	-	Minden Entitás a Horizonton (sajátok és az ellenfélé is) elszenved 2 sebzést. Ha egy saját Entitásod ettől elpusztul, húzz 1 lapot.	deal 2 damage to all Horizont entities; if one of your entities dies this way, draw 1	horizont, deck, graveyard	blank	blank	own_horizont_entities, enemy_horizont_entities	damage, draw	instant	draw_if_one_or_more_allied_horizont_entities_die_from_this_effect	A Horizonton lévő összes entitás 2 sebzést szenved, és ha ettől saját entitásod elpusztul, húzol 1 lapot.	osszetett_egyedi	Kétoldali tömeges sebzés és saját halálhoz kötött húzás.
Tömeges Feltámasztás	Rituálé	Umbra	Lélekaratók	-	-	6	6	-	-	Válassz ki legfeljebb 3 saját Entitást az Ürességből, amelyeknek a Magnitúdója 3 vagy annál kisebb. Idézd meg őket Kimerülten a Domíniumra.	choose up to 3 allied entities with magnitude 3 or less from your graveyard and summon them exhausted to the board	graveyard, dominium	blank	blank	own_graveyard_entity	graveyard_recursion, summon, exhaust	instant	choose_up_to_3_entities_in_own_graveyard_with_magnitude_lte_3	Legfeljebb 3 darab, 3-as vagy kisebb Magnitúdójú saját entitást idézel vissza Kimerülten az Ürességből a Domíniumra.	osszetett_egyedi	Többcélpontos graveyard recursion Kimerült belépéssel.
Végső Kárhozat	Rituálé	Umbra	Lélekaratók	-	-	7	6	-	-	Pusztíts el egy szabadon választott ellenséges Entitást a Horizonton. Ez a hatás az Oltalom (Aegis) kulcsszót is figyelmen kívül hagyja.	destroy target enemy Horizont entity ignoring aegis	horizont	blank	blank	enemy_horizont_entity	destroy	instant	ignores_aegis_when_targeting_enemy_horizont_entity	Egy ellenséges Horizont-entitást elpusztítasz, és a hatás figyelmen kívül hagyja az Oltalmat.	osszetett_egyedi	Célzott megsemmisítés keyword-ignore kivétellel.
Feltámadás az Árnyakból	Rituálé	Umbra	Lélekaratók	-	-	4	4	-	-	Válassz ki egy legfeljebb 4-es Magnitúdójú Entitást a temetődből, és idézd meg Kimerült (elforgatott) állapotban a Domíniumod egy üres mezőjére.	choose an entity with magnitude 4 or less from your graveyard and summon it exhausted to an empty slot on your board	graveyard, dominium	blank	blank	own_graveyard_entity	graveyard_recursion, summon, exhaust	instant	target_must_be_entity_in_own_graveyard_with_magnitude_lte_4_and_an_empty_slot_must_exist	A saját temetődből egy legfeljebb 4-es Magnitúdójú entitást Kimerülten megidézel a Domíniumod egy üres mezőjére.	osszetett_egyedi	Graveyard recursion üres slot feltétellel.
Lélekszakadás	Rituálé	Umbra	Lélekaratók	-	-	4	4	-	-	Okoz annyi sebzést egy célpont ellenséges Entitásnak, ahány kártya található a saját Ürességedben, de maximum 6 pontnyi sebzést.	deal damage to target enemy entity equal to the number of cards in your graveyard, up to 6	graveyard	blank	blank	enemy_entity	damage	instant	damage_equals_number_of_cards_in_own_graveyard_max_6	Egy ellenséges entitásnak annyi sebzést okozol, ahány lap a saját Ürességedben van, legfeljebb 6-ot.	osszetett_egyedi	Graveyard-számolásból képzett capped sebzés.
A Halál Várakozása	Jel	Umbra	Lélekaratók	-	-	2	2	-	-	Aktiválás: Amikor egy saját Entitásod a Horizonton elpusztul az ellenfél támadásától. Hatás: A megsemmisült Entitásod energiája felrobban, és azonnal 3 sebzést okoz a támadó ellenséges Entitásnak.	when your Horizont entity dies from an enemy attack: deal 3 damage to the attacking enemy entity	horizont	blank	on_death	own_horizont_entity, enemy_entity	damage	instant	trigger_only_if_allied_horizont_entity_is_destroyed_by_enemy_attack	Ha egy saját Horizont-entitásod az ellenfél támadásától elpusztul, a támadó ellenséges entitás 3 sebzést kap.	osszetett_egyedi	Combat-death triggeres megtorló sebzés.
Megcsapolt Erő	Jel	Umbra	Lélekaratók	-	-	3	1	-	-	Aktiválás: Amikor az ellenfél kijátszik egy Rituálét. Hatás: Feláldozol egy saját Entitást a Zenitből. Cserébe az ellenséges Rituálé hatása teljesen érvénytelenítődik (megszakad a varázslat).	when enemy plays a ritual: sacrifice an allied Zenit entity to counter that ritual	zenit	blank	on_enemy_spell_or_ritual_played	own_zenit_entity, enemy_spell	sacrifice, counterspell	instant	trigger_only_if_enemy_plays_a_ritual_and_you_can_sacrifice_an_allied_zenit_entity	Ha az ellenfél Rituálét játszik ki, feláldozhatsz egy saját Zenit-entitást, hogy a varázslatot semlegesítsd.	osszetett_egyedi	Sacrifice-alapú trap counterspell.
Alattomos Csere	Jel	Umbra	Lélekaratók	-	-	4	2	-	-	Aktiválás: Amikor az ellenfél megidéz egy 4-es vagy magasabb Magnitúdójú Entitást a Domíniumára. Hatás: Fel kell áldoznod egy saját Entitásodat a Zenitből (ha van). Cserébe az ellenfél újonnan megidézett, drága Entitása azonnal az Ürességbe zuhan, mielőtt bármit tehetne.	when enemy summons an entity with magnitude 4 or more: sacrifice an allied Zenit entity if able; destroy the newly summoned enemy entity	zenit, dominium, graveyard	blank	on_enemy_summon	own_zenit_entity, enemy_entity	sacrifice, destroy	instant	trigger_only_if_enemy_summons_entity_with_magnitude_gte_4	Ha az ellenfél 4-es vagy nagyobb Magnitúdójú entitást idéz, feláldozol egy saját Zenit-entitást, és az új ellenséges entitás azonnal az Ürességbe kerül.	osszetett_egyedi	Summon-punish trap saját sacrifice költséggel.
Sírkő-Csapda	Jel	Umbra	Lélekaratók	-	-	2	2	-	-	Aktiválás: Amikor az ellenfél elpusztítja az egyik Entitásodat a Horizonton. Hatás: Azonnal megidézel egy 2/2-es Csontváz Tokent Kimerülten a megüresedett helyre.	when enemy destroys one of your Horizont entities: summon a 2/2 Skeleton token exhausted into that empty slot	horizont	blank	on_death	own_horizont_entity	summon_token, exhaust	instant	trigger_only_if_enemy_destroys_an_allied_horizont_entity_and_that_slot_becomes_empty	Ha az ellenfél elpusztít egy saját Horizont-entitást, egy 2/2-es Csontváz tokent idézel Kimerülten a helyére.	osszetett_egyedi	Slot-megőrző replacement-szerű tokenidézés.
Végzetes Átok	Jel	Umbra	Lélekaratók	-	-	3	2	-	-	Aktiválás: Amikor az ellenfél egy 4-es vagy annál nagyobb ATK-jú Entitással támad. Hatás: A támadó Entitás azonnal megkapja a Métely (Bane) kulcsszót, és kap 3 sebzést.	when enemy attacks with an entity that has 4 or more ATK: that attacker gains bane and takes 3 damage	blank	blank	on_attack_declared	enemy_entity	grant_keyword, damage	instant	trigger_only_if_attacking_enemy_entity_has_atk_gte_4	Ha az ellenfél egy legalább 4 ATK-jú entitással támad, a támadó megkapja a Métely kulcsszót és 3 sebzést szenved.	osszetett_egyedi	Támadási triggerre adott keyword-kényszerítés és sebzés.
Kárhozottak Bosszúja	Jel	Umbra	Lélekaratók	-	-	4	3	-	-	Aktiválás: Amikor az ellenfél megtöri az egyik Pecsétedet. Hatás: Az ellenfél minden Horizonton álló Entitása elszenved 2 sebzést.	when enemy breaks one of your seals: deal 2 damage to all enemy Horizont entities	seal_row, horizont	blank	on_seal_break	enemy_horizont_entities	damage	instant	trigger_only_if_enemy_breaks_an_own_seal	Ha az ellenfél feltör egy saját pecsétedet, az ellenfél összes Horizont-entitása 2 sebzést szenved.	osszetett_egyedi	Pecséttörés-triggeres tömeges megtorló sebzés.
Véráldozat	Jel	Umbra	Lélekaratók	-	-	5	3	-	-	Aktiválás: Amikor az ellenfél Rituálét játszik ki. Hatás: Feláldozol egy saját Entitást a Horizonton, hogy visszautasítsd (érvénytelenítsd) a varázslatot, és okozz 3 sebzést az ellenfél Aeternaljának!	when enemy plays a ritual: sacrifice an allied Horizont entity to counter it and deal 3 damage to enemy Aeternal	horizont, aeternal	blank	on_enemy_spell_or_ritual_played	own_horizont_entity, enemy_aeternal	sacrifice, counterspell, damage	instant	trigger_only_if_enemy_plays_a_ritual_and_you_can_sacrifice_an_allied_horizont_entity	Ha az ellenfél Rituálét játszik ki, feláldozol egy saját Horizont-entitást, hogy a varázslatot semlegesítsd és 3 sebzést okozz az ellenfél Aeternáljának.	osszetett_egyedi	Sacrifice-alapú counter és végső célpontra menő sebzés.
Halálos Ölelés	Jel	Umbra	Lélekaratók	-	-	5	4	-	-	Aktiválás: Amikor egy saját Entitásod halálos sebzést szenved egy fizikai harc során. Hatás: Az Entitásod elpusztul, de a támadó ellenséges Entitást is magával rántja az Ürességbe!	when your entity takes lethal damage in physical combat: it dies, and the attacking enemy entity dies too	horizont, graveyard	blank	on_combat_damage_taken	own_entity, enemy_entity	destroy	instant	trigger_only_if_allied_entity_takes_lethal_damage_in_physical_combat	Ha egy saját entitásod halálos sebzést szenved fizikai harcban, elpusztul, és a támadó ellenséges entitás is az Ürességbe kerül.	osszetett_egyedi	Kölcsönös pusztulást okozó combat-death trap.
A Végtelen Temető	Sík	Umbra	Lélekaratók	-	-	3	4	-	-	Amíg aktív, minden alkalommal, amikor az Ürességből húzol fel vagy támasztasz fel kártyát, az adott Entitás kap +1 maximális HP-t.	while active, whenever you take or revive an entity from graveyard, that entity gains +1 max HP	graveyard, dominium, hand	blank	on_graveyard_recursion	own_entity	hp_mod	while_active	trigger_when_an_entity_is_returned_or_revived_from_own_graveyard	Amíg a sík aktív, minden Ürességből felvett vagy feltámasztott entitás +1 max HP-t kap.	folyamatos_sik_hatas	Graveyard-recursion eseményhez kötött permanens buff.
Csontvázak Szigete	Sík	Umbra	Lélekaratók	-	-	5	5	-	-	Amíg aktív, a saját köröd végén, ha abban a körben meghalt legalább egy saját Entitásod, idézz le egy 1/1-es Csontváz Tokent a Horizontra.	while active, at the end of your turn, if at least one of your entities died this turn, summon a 1/1 Skeleton token to Horizont	horizont, graveyard	blank	on_turn_end	own_entities	summon_token	while_active	trigger_only_if_at_least_one_allied_entity_died_this_turn	Amíg a sík aktív, a saját köröd végén 1/1-es Csontváz tokent idézel a Horizontra, ha ebben a körben meghalt legalább egy saját entitásod.	folyamatos_sik_hatas	Körvégi death-check alapján tokenidézés.
A Kárhozottak Kriptája	Sík	Umbra	Lélekaratók	-	-	3	4	-	-	Amíg ez a Sík aktív, minden alkalommal, amikor egy saját Entitásod a saját körödben (feláldozás hatására) az Ürességbe kerül, kapsz 1 ideiglenes Umbra Aurát. (Ez a hatás körönként legfeljebb kétszer aktiválódhat).	while active, whenever one of your entities goes to graveyard from sacrifice during your turn, gain 1 temporary Umbra aura, up to twice per turn	graveyard, source	blank	on_death	own_entity	resource_gain	while_active	trigger_only_if_allied_entity_is_sacrificed_during_your_turn_max_twice_per_turn	Amíg a sík aktív, saját körödben minden sacrifice miatt Ürességbe kerülő saját entitás után 1 ideiglenes Umbra Aurát kapsz, körönként legfeljebb kétszer.	folyamatos_sik_hatas	Sacrifice-triggeres limitált erőforrásnyerés.
A Kárhozottak Földje	Sík	Umbra	Lélekaratók	-	-	4	4	-	-	Amíg ez a Sík aktív, mindkét játékos a saját körének Beáramlás (Infusion) fázisában kötelezően feláldoz egy saját Entitást a Domíniumról. Ha egy játékos megteszi, cserébe húz 1 lapot.	during while active, each player must sacrifice an allied entity during their own infusion phase; if they do, they draw 1	dominium, deck, graveyard	blank	on_infusion_phase	own_entity, enemy_entity	sacrifice, draw	while_active	each_player_must_sacrifice_an_allied_entity_during_their_own_infusion_phase_if_able	Amíg a sík aktív, mindkét játékos a saját Beáramlás fázisában feláldoz egy saját entitást, és ha ez megtörténik, húz 1 lapot.	folyamatos_sik_hatas	Kétoldali kötelező sacrifice-szabály húzásos kompenzációval.
